{
    "abusive": {
        "precision": 0.9022869022869023,
        "recall": 0.9830124575311439,
        "f1-score": 0.9409214092140922,
        "support": 883.0
    },
    "pelecehan seksual": {
        "precision": 0.9767441860465116,
        "recall": 0.8701657458563536,
        "f1-score": 0.9203798392987582,
        "support": 724.0
    },
    "accuracy": 0.9321717485998755,
    "macro avg": {
        "precision": 0.9395155441667069,
        "recall": 0.9265891016937488,
        "f1-score": 0.9306506242564252,
        "support": 1607.0
    },
    "weighted avg": {
        "precision": 0.9358320631095265,
        "recall": 0.9321717485998755,
        "f1-score": 0.93166683757831,
        "support": 1607.0
    }
}