{
    "abusive": {
        "precision": 0.9233226837060703,
        "recall": 0.9829931972789115,
        "f1-score": 0.9522240527182867,
        "support": 294.0
    },
    "pelecehan seksual": {
        "precision": 0.9775784753363229,
        "recall": 0.9008264462809917,
        "f1-score": 0.9376344086021505,
        "support": 242.0
    },
    "accuracy": 0.9458955223880597,
    "macro avg": {
        "precision": 0.9504505795211966,
        "recall": 0.9419098217799516,
        "f1-score": 0.9449292306602186,
        "support": 536.0
    },
    "weighted avg": {
        "precision": 0.9478187687331621,
        "recall": 0.9458955223880597,
        "f1-score": 0.9456369372777924,
        "support": 536.0
    }
}