{
    "abusive": {
        "precision": 0.9066874027993779,
        "recall": 0.9898132427843803,
        "f1-score": 0.9464285714285714,
        "support": 589.0
    },
    "pelecehan seksual": {
        "precision": 0.986013986013986,
        "recall": 0.8757763975155279,
        "f1-score": 0.9276315789473685,
        "support": 483.0
    },
    "accuracy": 0.9384328358208955,
    "macro avg": {
        "precision": 0.946350694406682,
        "recall": 0.9327948201499541,
        "f1-score": 0.9370300751879699,
        "support": 1072.0
    },
    "weighted avg": {
        "precision": 0.9424287644529747,
        "recall": 0.9384328358208955,
        "f1-score": 0.9379594041072832,
        "support": 1072.0
    }
}